content,label
"
    Gang Gang Dance's 2006 CMJ performance at Webster Hall remains an unexpectedly transcendent moment. I'd seen the quartet a dozen times before (and in various forms since), but something about Lizzie Bougatsos, decked out in a Ghostface Killah tee, leading the boys through a real-time percussive collage in front of a half-filled room seemed like the weird promise of this avant crew eventually filling a big club without compromising one iota. A certain charismatic command of the stage, yea, but also the density and liveliness of the sound eking into every corner, jamming shit into the gaps that existed between the spread out, diffident crowd.
    GGD's most recent full-length, God's Money, has improved over the two years since it was released, but all we've gotten in its wake are teasers: First came the 30-minute collaged Hillulah, the soundtrack-in-a-soundtrack of gorilla-happy Retina Riddim CD/DVD, and now RAWWAR, a three-song EP that taps out just over 20 minutes. The two earlier pieces had their joys, but of all these mini-discs, RAWWAR's the most satisfying.
    Straight outta the gate, hot-stepping opener and regular live staple ""Nicoman"" is GGD in pop mode, a taut rhythm with a crystalline core. A few minutes in Bougatsos' vocal intonation practically sounds like M.I.A., but she surfs the percussion in a more soul-nodding way, tapping a different sort of avant-pop tribalism. ""Nicoman"" is followed by the new wave-y instrumental ""Oxygen-Riddim Demo""-- the synth is so tinny, you can feel it blowing back someone's feathered hair (though, high school students should adopt it for proms everywhere). The track builds to GGD's signature Kabuki-style notation atop drum clicks and drags. After moving into a catchy patch of Junior Boys-like 4 a.m. pop, the song ends with a few seconds of sampled rain. 
    
    Closer ""The Earthquake That Frees Prisoners"" could've taken a turn for the worse with its Godspeed-style sampled-voice-against-dramatic-backdrop thing, but the voice here is Nathan Maddox, an early member of GGD who died after being struck by lightning on a NYC rooftop. So take a step back to that rain at the end of ""Oxygen-Riddim Demo"" and now listen to his voice as he mentions ""rooftops,"" as well as dust, terror, anxiety, pain, and...well, this suddenly is a lot more moving than your usual faux-cinematic narrative. Opening with a Bougatsos wail, the montage moves to a more anthemic place-- the band is all systems go for 11 minutes as it celebrates its ghosts.
    ",1
"Finding patterns in Madlib's rambling yet brilliant production work can be difficult, but on his new In Search of Stoney Jackson album, he doesn't take long to zero-in on some recurring themes. An obscure sample ushers in ""Chittlins & Pepsi"", a stick-to-your guts blend of flashy soul and food-based free association. Meanwhile, pot ramble ""Cheeba Cheeba"" is anchored by resonant strings and a fluid bass line inhaled and exhaled between minimal beats. It may sound like Doom's M.O.-- tracks seemingly teed-up for the masked marauder. But L.A. hip-hop collective Strong Arm Steady provides the lyrics here. Once the home of auto repair hypeman Xzibit, the crew now stands as another entry in a long line of Beat Konducta collaborators.Stones Throw has been widening its circle of L.A. connections recently, including putting out the acclaimed Dâm-Funk album and reissuing Arabian Prince tracks. This post-Death Row SoCal crew-- which has been reduced to core members Krondon, Phil Da Agony, and San Diegan Mitchy Slick for this release-- has seen its underground profile rise slightly this past year due to a middling Clinton Sparks mixtape and a forthcoming album on Talib Kweli's Blacksmith label.The group's experience working the L.A. scene and slinging mixtapes shows on In Search of Stoney Jackson. In the enviable position of getting a slate of Otis Jackson, Jr. beats to work with, Strong Arm Steady do raise their game, but rarely rise above workmanlike wordplay. They provide vocal diversity but never overshadow or own a track, only accenting different aspects of Madlib's work. Phil Da Agony's curt, taunting flow, filled with bent phrases, darts around between measures. Albino rapper Krondon has a deeper, rounded tone, which plays well on the chorus of the dark ""New Love"", and Mitchy Slick sounds passable on the few tracks he appears on. Along with a roster of collaborators, like Planet Asia and Stones Throw standbys like Oh No and Guilty Simpson, it adds up to a set of solid yet often unremarkable lyrics staking a comfortable perch atop another stellar Madlib production workout.Filled with funky vocal samples, discursive monologues and the inevitable dry coughs, the music is the centerpiece and bears Madlib's signature hazy melodies and blunted edges. But there's a muscular feel to many of the tracks, meaty beats anyone would be happy to rap over. ""Best of Times"", featuring Phonte on the chorus doing his best John Legend, is a slow-rolling, soulful piece built on a solid foundation, a warm bass lick and almost metronomic four-beat rhythm. ""Pressure"" bumps with oscillating synths and a stiff, crisp beat. ""Questions"", which starts out sounding like a washed-out TV theme and then pivots on a big, bulbous bassline, is simple but effective, accented with subtle vibe hits and a single wiry guitar chord. For all Madlib's eclecticism and supposedly short attention span, his work here sounds focused and sharp. The beats aren't wasted here by any means, but a different crew could have brought out even more potential.",0
"Funny, I'm not at a rave, and I'm certainly not on e, yet I'm grinding my
    teeth.  Maybe it's the music.
    
    Sony Pictures' attempt to cash in on the burgeoning rave culture with the
    plotless feature, Groove, succeeds, in a way.  The film's soundtrack
    sits nicely alongside the other dozens of ""continuous mix"" compilations that 
    see release every year.  Of course, this probably says more about electronic
    music that it does about Sony's shot at street cred.
    
    The film's music supervisor, DJ Wish FM, assembled each of the album's 14
    tracks into a seamless mix. This proves to be no large feat, as the entire
    first half of the disc shares almost the exact same BPM.  And truthfully, for
    the record's entire first half, it would take a watchful eye on the disc player
    display to determine where one track ends and the next begins. Sure, some slight
    variations appear, but none are substantial enough to stir interest, and the
    others are too predictable to be subtle. Every five or six minutes, a new bassline,
    synth sweep, or percussion flourish arises, with little consideration to
    composition or cohesion.  Yes, it's dance music.
    
    Fortunately, the second half the album is a little more interesting.  Orbital
    drops an ethereal female vocal over ""Halcyon + On + On"" to better effect than
    the over-the-top vamping of the album's earlier vocal samples.  Big-beat mainstay
    Bedrock's ""Heaven Scent"" is poised as the high point of the film and the big
    single off the soundtrack, but it stands out from the other tracks less than it
    brings the homogenous elements to pounding new heights with a splashy synth
    melody and monolithic bass pumping. The track also paves the way for Groove's
    true standout.  As ""Heaven Scent"" segues into Hybrid's ""Beach Coma,"" the beat
    dissolves almost entirely, replaced by a fizzing ambience of jazz sax and distant
    hi-hat sizzle.  Slowly, the tension rebuilds into a straightforward house beat
    flanked by whirring basslines and minimalist piano flourishes.
    
    The album ends on another high note with Scott Hardkiss' mix of Alter)Ring's
    ""Infinitely Gentle Blows."" Sweeping in with oddly manipulated vocal textures, 
    the track sports a crisp beat whose bass boom actually makes room for a tight
    snare on the upbeat. As with the Hybrid track, ""Infinitely Gentle Blows"" really
    shines when the beat drops out and leaves the textures sputtering into each other,
    one gorgeous layer on top of the other in a dizzying free fall.
    
    Like any mix worth its salt, Groove has enough exceptional moments to 
    occasionally overcome the underwhelming sameness, but is ultimately much more
    suited to the dancefloor than the home stereo.",0
"Editor's Note: The lead of this review has been changed, as the original text contained a passage similar to one found in the Willamette Week interview linked in the piece. The author of this review, who read the interview in question, indicates that the similarity was not intentional. Pitchfork regrets the error.What's worse: the encroaching feeling that something's going terribly wrong, or the fallout from the inevitable? On 2010's Mines, not much was going right for Menomena's Danny Seim, Brent Knopf, and Justin Harris. The band was hardly talking, their inability to communicate in a civilized fashion meaning that the record took over three years to complete. Something had to give, and Knopf left the band. Seim and Harris figured out their communication issues, laying bare to one another their proposed subject matter for Menomena's first record as a duo: Seim's realization that he had spent more time alive without his mother than with her-- she died in 1994-- and the fact that Justin's mother had essentially raised him alone, his father a frequently flighty and difficult Vietnam veteran. It's not exactly the kind of thing that calls for balloons and party streamers, yet Moms largely eschews the weighty devastation of Mines for an unusually dramatic tone; the most notable example of which are Justin's saxophone parts, now more like fanfares than harbingers of doom. It's feasible that the record's bold sound might have been conceived to compensate for Knopf's absence-- and not in a bad way-- though it's hard to see how the vagaries of the songwriting that Knopf demonstrated on his most recent album as Ramona Falls would fit into Moms' emotionally raw feel. These aren't so-called naked songs in the singer-songwriterly sense; Moms often feels like turning up to a family function in the buff, and letting everyone have it.If Mines was about possession-- note the cute baby grab of the title-- then Moms concerns itself with what we're given by others; ancestry, in a word. But the push and shove here is how these familial endowments inspire gratitude and resentment. ""Hail Mary, is this golden ticket all that you've left me? For the therapists to pawn off and retire on the proceeds?"" goes ""Baton"", one of Seim's songs that deals less with regret than the anxiety over memories slipping away-- like ""I wish I could remember if my last words were sincere."" (The ominous and distant ""Tantalus"", the name of a street near where Seim grew up in Hawaii, seems to be about revisiting childhood as a tourist.) It freewheels through different intensities-- a light organ and skewy drum solo in the verses, gradually intensifying to a chorus that's blustering and huge, but made up of the erratic samples that characterized their earlier work, which is definitely a tendency now more particular to Seim than Harris.True to the interview that originally revealed the band's fractious relationship, Harris is considerably more direct lyrically. (As an aside, it's quite eerie how much both men sound like Damon Albarn vocally.) ""Baton"" is followed by ""Heavy Is as Heavy Does"", which opens with a bitter conversation between the piano's high, pleading notes and unwavering lower end, Justin cutting straight to the chase: ""Heavy are the branches hanging from my fucked up family tree."" Come the end, bouts of saxophone inflate and burst, combining with squealing guitar for an effect akin to driving around hairpinned back roads in the dead of night, the rain pounding like bullets.Moms is without doubt the most aggressive record Menomena have ever made. ""Giftshoppe"" gamely bowls along with the sweet, rhythmic chant peculiar to so many Menomena songs before wreaking a course of total disorientation; piercing piano reeling around huge drum fills (it's one of Seim's) and blurry synthesizer hazes that slosh rapidly between the speakers. Masculinity comes in for a kicking too-- ""You perverted, aging fuck/ What age did your mind get stuck?"" Seim sings nonchalantly, possibly to a mirror. ""Pique"" has less jagged, more luscious production (though bears quite the guitar solo towards the end), but sees Harris once again compete for the record's most affecting lyrics: castigating his dad for his haphazard upbringing, making him ""a failure, cursed with male genitalia/ A parasitic fuck with no clue as to what men do, and impossible to love."" The note with which he holds that last line feels like the climax of some (admittedly unusual) rock opera with a very non-rock opera subject; testosterone, you got a lot to answer to.It's not tough to guess which ""tiny muscle"" Seim is pleading to work at the beginning of ""Capsule"", where he's ""like a nervous random stranger at a glory hole."" The song kicks off with a growling guitar lurch, veering into a verse characterized by the kind of bassline that's as cool as a stoner that keeps their wit about them even at points of maximum intoxication. Perhaps it's endemic of his being a ""perverted, aging fuck"" that talk of glory holes gives rise to recollections of his mother, though his realization that ""we never talked on a cellular telephone"" is a mark of his age and era. Things get darker on Harris' ""Don't Mess With Latexas"", a conflicted ode to the seduction of someone half one's age (and IQ) which heralds its subject with elastic guitar splurts that sound like the products of windmilling arms, choral ""huh huh huh""s adding to the theatricality. The only rumination on the subject not wrought by self-flagellation is the jaunty ""Plumage"", which opens Moms in a similar way to how ""Queen Black Acid"" opened Mines-- as someone slips away, though this time Harris is pleading rather than admitting defeat: ""I don't want to be just anybody to you/ I want to be your one and only mate for life/ Instead I'm just like everybody else who's tried.""The thing with songs about relationships is that the lyrical denouement needn't be the end. The arcs of these stories are varied, but cyclical; plenty more fish in the sea, and all that. The familial, ancestral, genetic subject matter of Moms, however, only has one resolution, the certainty of which Seim entertains towards the end of ""One Horse"", a 10-minute epic where stark cello snips stand on ceremony as the rest of the song crumbles like a cliff face: ""I know the ending/ Yet I'm faking suspense/ We're fertilizer for the trees/ From dust to dust, roots will pass through us."" Although Moms is the result of its two creators' putting themselves through the wringer, it never feels overshadowed by dread. Whether the downward spiral or the fallout, Menomena are pros at putting on a game face.",1
"Kate Bush always exploited technological advancement. In 1979, from just coathangers and Blu-Tack, the trailblazing British pop auteur pioneered the head mic for her vanguard Tour of Life. Her subsequent albums made her one of the earliest adopters of the Fairlight synthesizer that would define the ’80s. Before the Dawn, then, is a surprising throwback: the unexpurgated live album, a document of her 2014 live shows, her first in 35 years. There are no retakes or overdubs bar a few atmospheric FX. No apps, no virtual reality, no interactivity. She’s also said there won’t be a DVD, which is surprising given the show’s spectacular theatrics, conceived by the former artistic director of the Royal Shakespeare Company and a host of designers, puppeteers, and illusionists. The show, and this release, aren’t credited to Kate Bush but the KT Fellowship, in recognition of the vast ensemble effort. Yet in shucking off half the production, this hefty 155-minute, three-disc set (one per “act”) is also the best way that Before the Dawn could have been preserved, allowing it to tell its own story uninhibited by the busy staging.I went to a show towards the end of the 22-date run, and was overwhelmed by how physically moving it was to see Bush in real life, since for most of mine she’s only existed in videos and BBC clip-show documentaries. The staging didn’t always have the same impact. The sublime Act One, as close to a greatest hits as we got, was stripped back—just Bush at the piano backed by her crack band.In Act Two, Bush realized her long-held desire to dramatize “The Ninth Wave,” the conceptual B-side of 1985’s Hounds of Love, which documents a woman’s dark night of the soul as she fights for life while lost at sea. While her “husband” and real-life son Bertie McIntosh blithely carried on with domestic life inside a tiny, sloping living room set, a video depicted Bush stranded in dark, choppy waters (now released as the “And Dream of Sheep” video). Moments later, the real Bush reappeared on stage to fight sinister “fish people” who carried her body off through the aisles. The whirring blades and desperate search lights of a rescue helicopter descended from the Hammersmith Apollo’s ceiling, illuminating and buffeting the crowd. Despite some hammy dialogue, it was staggering, and in sharp contrast to Act Three, which focused on Aerial’s second side, “A Sky of Honey.” McIntosh played a landscape painter from ye olden times while a life-size marionette of a jointed-doll simpered around the stage, embracing Bush, who looked on in raptures. At 75 minutes long, it was a sickly, trying accompaniment to one of the subtler achievements in her catalogue.With the visuals stripped away, some confusing vestiges of the live show remain on the record—mostly the stilted dialogue (McIntosh’s lines as the painter are cringeworthy). But otherwise it flows remarkably well: the prog grooves and piano ballads of the first act setting up the gothic tumult of “The Ninth Wave,” which comes down into the sun-dappled ambience of “A Sky of Honey.” The sound is rich and warm, but rough, too: imperfectly mic’d and properly live-sounding. The arrangements are largely faithful, even down to the synth presets, though sometimes the veteran session musicians form an overwhelming battalion. “Lily” comes out sounding a bit like Christian goth rock, and “King of the Mountain” is a victim of breadth over depth, its dynamics drowned out by every band member playing at once. It’s a shame that the terror of “Hounds of Love” gets swapped for sentimental optimism, but the band recreate that album’s second half to sound as avant-garde and bracing as any current young outsider.Live albums are meant to capture performers at their rawest and least inhibited, which doesn’t really apply to Before the Dawn. Bush is a noted perfectionist best known for her synthesizer experiments and love of obscure Bulgarian choirs, but her recent work has skewed towards traditional setups that reunite her with the prog community that fostered her early career. With marks to hit and tableaux to paint, the 2014 shows were more War of the Worlds (or an extension of 2011’s Director’s Cut) than Live at Leeds. But never mind balls-out revamps of Bush’s best known songs; with the exception of tracks from Hounds of Love, none of the rest of the setlist had ever been done live—not even on TV, which became Bush’s primary stage after she initially retired from touring. These songs weren’t written to be performed, but internalized. Occupying Bush’s imagination for an hour, and letting it fuse with your own, formed the entirety of the experience. Hearing this aspic-preserved material come to life feels like going to sleep and waking up decades later to see how the world has changed.“Jig of Life” is the midpoint of Before the Dawn, and its crux. It forms the part in “The Ninth Wave” where Bush’s character is exhausted of fighting against drowning, and decides to succumb to death. A vision of her future self appears, and convinces her to stay alive. “Now is the place where the crossroads meet,” she chants, just as her (then) 56-year-old voice channels her 27-year-old one. Despite her alleged taste for burning one, Bush’s voice has gained in power rather than faded with age. It’s deeper now, and some of the songs’ keys shift to match, but it’s alive and incalculably moving, still capable of agile whoops and tender eroticism, and possesses a newfound authority. When she roars lustily through opener “Lily” and its declaration that “life has blown a great big hole through me,” she sets up the stakes of Before the Dawn’s quest for peace. In Act One, she’s running from the prospect of love on “Hounds of Love” and “Never Be Mine,” and from fame on “King of the Mountain,” where she searches for Elvis with sensual anticipation. She asks for Joan of Arc’s protection on “Joanni,” matching the French visionary’s fearlessness with her own funky diva roar, and sounds as if she could raze the world as she looks down from “Top of the City.”Rather than deliver a copper-bottomed greatest hits set, Bush reckons with her legacy through what might initially seem like an obscure choice of material. Both Acts Two and Three take place in transcendent thresholds: “The Ninth Wave”’s drowning woman is beset by anxiety and untold pressures, with no idea of where to turn, mirroring the limbo that Bush experienced after 1982’s The Dreaming. That suite’s last song, the cheery “The Morning Fog,” transitions into Aerial’s “Prelude,” all beatific bird call and dawn-light piano. The euphoric, tender “A Sky of Honey” is meant to represent a perfect day from start to finish, filled with family and beautiful imperfections. “Somewhere in Between” finds them atop “the highest hill,” looking out onto a stilling view, and Bush’s eerie jazz ensemble anticipates the liminal peace of Bowie’s Blackstar. “Not one of us would dare to break the silence,” she sings. “Oh how we have longed for something that would make us feel so… somewhere in between.”Purgatory has become heaven, and in the narrative Bush constructs through her setlist, “A Sky of Honey” represents the grown-up, domestic happiness that staves off the youthful fears explored on Hounds of Love. For her final song, she closes with a rendition of “Cloudbusting,” a song about living with the memory of a forbidden love, which is even more glorious for all the hope that it’s accumulated in the past 30-odd years. Bush’s recent life as a “reclusive” mother is often used to undermine her, to “prove” she was the kook that sexist critics had pegged her as all along. These performances and this record are a generous reveal of why she’s chosen to retreat, where Bush shows she won’t disturb her hard-won peace to sustain the myth of the troubled artistic genius. Between the dangerous waters of “The Ninth Wave” and the celestial heavens of “A Sky of Honey,” Before the Dawn demystifies what we’ve fetishized in her absence. Without draining her magic, it lets Bush exist back down on Earth.",1
